{"cameraMode":{"drawMode":0,"name":"Shaded","section":"Shading Mode"},"sceneLighting":true,"audioPlay":false,"sceneViewState":{"m_AlwaysRefresh":false,"showFog":true,"showSkybox":true,"showFlares":true,"showImageEffects":true,"showParticleSystems":true,"showVisualEffectGraphs":true,"m_FxEnabled":true},"in2DMode":false,"pivot":{"x":-1523.9000244140625,"y":116.38528442382813,"z":-1444.276611328125},"rotation":{"x":-0.07043690979480744,"y":-0.011653142049908638,"z":0.0011125212768092752,"w":-0.9974827170372009},"size":11.218595504760743,"orthographic":true}